{"0": {"K1": 390.06281545412656, "t1": 640, "t2": 480}, "1": {"K1": 228.01973598791838, "t1": 640, "t2": 480}}